{"cameraMode":{"drawMode":0,"name":"Shaded","section":"Shading Mode"},"sceneLighting":false,"audioPlay":false,"sceneViewState":{"showFog":true,"showMaterialUpdate":false,"showSkybox":true,"showFlares":true,"showImageEffects":true,"showParticleSystems":true},"in2DMode":false,"pivot":{"x":-10.699999809265137,"y":1.1419999599456788,"z":-9.789900779724121},"rotation":{"x":0.02759469859302044,"y":0.014993843622505665,"z":0.00041396284359507263,"w":-0.9995066523551941},"size":10.605137825012207,"orthographic":false}