{"cameraMode":{"drawMode":0,"name":"Shaded","section":"Shading Mode"},"sceneLighting":false,"audioPlay":false,"sceneViewState":{"showFog":true,"showMaterialUpdate":false,"showSkybox":true,"showFlares":true,"showImageEffects":true,"showParticleSystems":true},"in2DMode":false,"pivot":{"x":-0.6478137969970703,"y":2.0,"z":5.415955543518066},"rotation":{"x":-0.17221027612686158,"y":0.18931084871292115,"z":-0.03374491259455681,"w":-0.9661088585853577},"size":4.950000286102295,"orthographic":false}