{"cameraMode":{"drawMode":0,"name":"Shaded","section":"Shading Mode"},"sceneLighting":false,"audioPlay":false,"sceneViewState":{"showFog":true,"showMaterialUpdate":false,"showSkybox":true,"showFlares":true,"showImageEffects":true,"showParticleSystems":true},"in2DMode":false,"pivot":{"x":245.78086853027345,"y":233.49996948242188,"z":134.30982971191407},"rotation":{"x":-0.0014052069745957852,"y":-0.972170352935791,"z":-0.0058330935426056389,"w":0.2341984659433365},"size":678.4854125976563,"orthographic":true}