{"cameraMode":{"drawMode":0,"name":"Shaded","section":"Shading Mode"},"sceneLighting":false,"audioPlay":false,"sceneViewState":{"showFog":true,"showMaterialUpdate":false,"showSkybox":true,"showFlares":true,"showImageEffects":true,"showParticleSystems":true},"in2DMode":false,"pivot":{"x":-5.829757213592529,"y":1.0,"z":-1.7570796012878419},"rotation":{"x":0.017689209431409837,"y":0.0035965703427791597,"z":0.0000636178083368577,"w":-0.9998371005058289},"size":2.8578836917877199,"orthographic":false}