{"cameraMode":{"drawMode":0,"name":"Shaded","section":"Shading Mode"},"sceneLighting":false,"audioPlay":false,"sceneViewState":{"showFog":true,"showMaterialUpdate":false,"showSkybox":true,"showFlares":true,"showImageEffects":true,"showParticleSystems":true},"in2DMode":false,"pivot":{"x":-6.789907455444336,"y":0.0,"z":-3.860607147216797},"rotation":{"x":0.002031744457781315,"y":0.25514712929725649,"z":0.0005361554212868214,"w":-0.9668999910354614},"size":2.8578836917877199,"orthographic":false}