{"cameraMode":{"drawMode":0,"name":"Shaded","section":"Shading Mode"},"sceneLighting":true,"audioPlay":false,"sceneViewState":{"showFog":true,"showMaterialUpdate":false,"showSkybox":true,"showFlares":true,"showImageEffects":true,"showParticleSystems":true},"in2DMode":false,"pivot":{"x":-4.93304443359375,"y":1.387939453125,"z":17.26953125},"rotation":{"x":-0.06026402488350868,"y":-0.01737079583108425,"z":0.0010488181142136455,"w":-0.9980308413505554},"size":14.458590507507325,"orthographic":true}